Model,Accuracy,Precision,Recall,F1-Score,AUC
Deployed Crime Prediction,0.9444444444444444,1.0,0.875,0.9333333333333333,0.95
Deployed Composite Risk,0.8424219631440392,0.832089552238806,0.8517952635599695,0.8418271045677614,0.9259890218713748
