Model,Accuracy,Precision,Recall,F1-Score,AUC
Crime Prediction,0.9152542372881356,0.0,0.0,0.0,0.44074074074074077
Weather Risk,1.0,1.0,1.0,1.0,1.0
Sentiment LLM,1.0,1.0,1.0,1.0,1.0
Sensor Degradation,0.7665,0.7665,1.0,0.8678177186527031,0.6288323548597521
Composite Risk,0.9887640449438202,0.0,0.0,0.0,0.9261363636363636
